T,X_AL_FCC_A1_1_,X_AL_FCC_A1_2_
300,0.98844188,0.18713744
350,0.97719972,0.21765708
400,0.96071397,0.25260520
450,0.93767430,0.29367178
500,0.90566274,0.34376896
550,0.85924397,0.40893533
