T,X_AL_HCP_A3_,X_AL_FCC_A1_
300,1.61001461e-04,0.994387868
350,6.74090660e-04,0.986906043
400,0.00197987,0.97425988
450,0.0046031,0.95417599
500,0.00909801,0.92183358
550,0.01594125,0.85957397
